{
	"version": 1,
	"changelists": [
		{
			"guid": "00000000000000000000000000000000",
			"description": "Default Uncontrolled Changelist",
			"files": [
				"C:/Users/i4uis/OneDrive/Documents/Unreal Projects/PlatformerGameSchool/Content/NewMap.umap",
				"C:/Users/i4uis/OneDrive/Documents/Unreal Projects/PlatformerGameSchool/Content/Maps/NewMap.umap",
				"C:/Users/i4uis/OneDrive/Documents/Unreal Projects/PlatformerGameSchool/Content/Maps/TestEnvironment.umap",
				"C:/Users/i4uis/OneDrive/Documents/Unreal Projects/PlatformerGameSchool/Content/Inputs/Mapping_Player.uasset",
				"C:/Users/i4uis/OneDrive/Documents/Unreal Projects/PlatformerGameSchool/Content/Inputs/Input_Movement.uasset",
				"C:/Users/i4uis/OneDrive/Documents/Unreal Projects/PlatformerGameSchool/Content/Inputs/Input_Look.uasset",
				"C:/Users/i4uis/OneDrive/Documents/Unreal Projects/PlatformerGameSchool/Content/Player/BP_PlayerChar.uasset",
				"C:/Users/i4uis/OneDrive/Documents/Unreal Projects/PlatformerGameSchool/Content/Player/BP_PlayerCont.uasset",
				"C:/Users/i4uis/OneDrive/Documents/Unreal Projects/PlatformerGameSchool/Content/Interfaces/Interface_Interact.uasset",
				"C:/Users/i4uis/OneDrive/Documents/Unreal Projects/PlatformerGameSchool/Content/Interactables/Interact.uasset",
				"C:/Users/i4uis/OneDrive/Documents/Unreal Projects/PlatformerGameSchool/Content/Inputs/Input_Interact.uasset",
				"C:/Users/i4uis/OneDrive/Documents/Unreal Projects/PlatformerGameSchool/Content/Inputs/Input_Jump.uasset",
				"C:/Users/i4uis/OneDrive/Documents/Unreal Projects/PlatformerGameSchool/Content/Player/BP_GameMode.uasset",
				"C:/Users/i4uis/OneDrive/Documents/Unreal Projects/PlatformerGameSchool/Content/Interactables/BP_CollectiblePickup.uasset",
				"C:/Users/i4uis/OneDrive/Documents/Unreal Projects/PlatformerGameSchool/Content/Interactables/BP_PhysicsPickup.uasset"
			]
		}
	]
}